id,pagerank
4037,32.84294411698189
4037,32.84294411698189
15,26.124250935301735
15,26.124250935301735
6634,25.3247584014962
